evento,serie,serie_id,rho,p,q,n,media_en_ventana,media_fuera
Elecciones generales 20-D,tone,tone,0.169821,0.127188,0.611809,82,2.18141,1.859632
Elecciones generales 26-J,tone,tone,0.076438,0.494894,0.76088,82,1.984645,1.86823
Moción de censura,tone,tone,0.047483,0.671847,0.871186,82,1.867404,1.875954
Elecciones generales 28-A,tone,tone,0.098065,0.380757,0.688027,82,2.052637,1.866236
Elecciones generales 10-N,tone,tone,0.019135,0.864517,0.961053,82,1.889429,1.874605
Investidura de 2020,tone,tone,0.184096,0.097792,0.611809,82,2.001218,1.867154
COVID-19: estado de alarma,tone,tone,0.1429,0.200289,0.611809,82,1.949394,1.868416
Guerra de Ucrania,tone,tone,-0.043526,0.69781,0.886295,82,1.809225,1.880547
Elecciones generales 20-D,topic,0,0.011967,0.915022,0.974464,82,0.159719,0.114238
Elecciones generales 26-J,topic,0,0.138971,0.213069,0.611809,82,0.307091,0.104077
Moción de censura,topic,0,0.150462,0.177251,0.611809,82,0.12317,0.115926
Elecciones generales 28-A,topic,0,0.002393,0.982974,0.993818,82,0.264156,0.108882
Elecciones generales 10-N,topic,0,0.126851,0.256105,0.615336,82,0.247801,0.109721
Investidura de 2020,topic,0,-0.061406,0.583668,0.809886,82,0.16271,0.113453
COVID-19: estado de alarma,topic,0,-0.048895,0.662674,0.864385,82,0.137466,0.114495
Guerra de Ucrania,topic,0,-0.205895,0.063486,0.611809,82,0.033194,0.12303
Elecciones generales 20-D,topic,1,-0.218814,0.048265,0.611809,82,0.011246,0.07687
Elecciones generales 26-J,topic,1,-0.26733,0.015183,0.611809,82,0.013043,0.077606
Moción de censura,topic,1,-0.191936,0.084083,0.611809,82,0.020543,0.077863
Elecciones generales 28-A,topic,1,-0.033664,0.763992,0.90604,82,0.060993,0.074319
Elecciones generales 10-N,topic,1,-0.075743,0.498832,0.76197,82,0.039154,0.075439
Investidura de 2020,topic,1,-0.193733,0.081166,0.611809,82,0.01944,0.077191
COVID-19: estado de alarma,topic,1,-0.160342,0.150151,0.611809,82,0.030635,0.077686
Guerra de Ucrania,topic,1,0.172046,0.122207,0.611809,82,0.155166,0.067235
Elecciones generales 20-D,topic,10,-0.178741,0.108123,0.611809,82,0.001033,0.022066
Elecciones generales 26-J,topic,10,-0.210415,0.05777,0.611809,82,0.00087,0.02235
Moción de censura,topic,10,0.044458,0.691661,0.886138,82,0.026043,0.020645
Elecciones generales 28-A,topic,10,0.049997,0.655543,0.864077,82,0.053832,0.019358
Elecciones generales 10-N,topic,10,-0.094995,0.395918,0.689018,82,0.004778,0.021874
Investidura de 2020,topic,10,-0.123774,0.267915,0.615336,82,0.004518,0.022113
COVID-19: estado de alarma,topic,10,-0.15899,0.153665,0.611809,82,0.003503,0.022676
Guerra de Ucrania,topic,10,0.039289,0.726003,0.897859,82,0.019012,0.0212
Elecciones generales 20-D,topic,11,0.019925,0.858981,0.960756,82,0.025953,0.024798
Elecciones generales 26-J,topic,11,0.135644,0.224337,0.615336,82,0.052915,0.023032
Moción de censura,topic,11,0.059744,0.593915,0.812544,82,0.023272,0.024979
Elecciones generales 28-A,topic,11,-0.164377,0.140023,0.611809,82,0.003041,0.025973
Elecciones generales 10-N,topic,11,-0.074717,0.504685,0.765952,82,0.007995,0.025719
Investidura de 2020,topic,11,-0.209631,0.05873,0.611809,82,0.00169,0.026358
COVID-19: estado de alarma,topic,11,-0.191037,0.085572,0.611809,82,0.005352,0.026674
Guerra de Ucrania,topic,11,-0.084465,0.450567,0.73405,82,0.009861,0.026038
Elecciones generales 20-D,topic,12,-0.121611,0.276428,0.623162,82,0.003082,0.01732
Elecciones generales 26-J,topic,12,-0.268106,0.01488,0.611809,82,0.0,0.017705
Moción de censura,topic,12,0.198107,0.074403,0.611809,82,0.028835,0.015661
Elecciones generales 28-A,topic,12,-0.112925,0.31244,0.646604,82,0.008516,0.017041
Elecciones generales 10-N,topic,12,-0.040951,0.714898,0.897859,82,0.007018,0.017118
Investidura de 2020,topic,12,-0.001117,0.992053,0.994323,82,0.016151,0.016656
COVID-19: estado de alarma,topic,12,0.009566,0.932024,0.974464,82,0.017339,0.016558
Guerra de Ucrania,topic,12,0.002053,0.985396,0.993818,82,0.013033,0.016909
Elecciones generales 20-D,topic,13,0.007377,0.947553,0.976395,82,0.017428,0.017141
Elecciones generales 26-J,topic,13,-0.282254,0.010195,0.611809,82,0.0,0.018268
Moción de censura,topic,13,-0.03458,0.757762,0.905344,82,0.010528,0.017678
Elecciones generales 28-A,topic,13,-0.179517,0.106576,0.611809,82,0.003041,0.017878
Elecciones generales 10-N,topic,13,-0.02951,0.792415,0.913548,82,0.013325,0.017351
Investidura de 2020,topic,13,-0.158283,0.155525,0.611809,82,0.004326,0.017988
COVID-19: estado de alarma,topic,13,0.008531,0.939367,0.974464,82,0.027927,0.016149
Guerra de Ucrania,topic,13,-0.014239,0.898968,0.973195,82,0.014245,0.017384
Elecciones generales 20-D,topic,14,0.045791,0.682902,0.878283,82,0.022526,0.016871
Elecciones generales 26-J,topic,14,-0.240462,0.029549,0.611809,82,0.0,0.01826
Moción de censura,topic,14,-0.039981,0.721367,0.897859,82,0.020176,0.016908
Elecciones generales 28-A,topic,14,-0.105574,0.345179,0.656069,82,0.008516,0.017589
Elecciones generales 10-N,topic,14,-0.005088,0.963816,0.988959,82,0.018586,0.017073
Investidura de 2020,topic,14,0.168323,0.130625,0.611809,82,0.059071,0.014424
COVID-19: estado de alarma,topic,14,0.127474,0.253759,0.615336,82,0.044404,0.014603
Guerra de Ucrania,topic,14,0.105214,0.346836,0.656069,82,0.023342,0.016658
Elecciones generales 20-D,topic,15,0.171241,0.123991,0.611809,82,0.04572,0.019427
Elecciones generales 26-J,topic,15,0.046134,0.680658,0.877789,82,0.031207,0.020027
Moción de censura,topic,15,0.189206,0.088673,0.611809,82,0.052279,0.018217
Elecciones generales 28-A,topic,15,-0.017499,0.876001,0.96832,82,0.035307,0.019961
Elecciones generales 10-N,topic,15,-0.081246,0.468072,0.740649,82,0.021127,0.020688
Investidura de 2020,topic,15,-0.124899,0.263555,0.615336,82,0.016901,0.020956
COVID-19: estado de alarma,topic,15,-0.195606,0.078213,0.611809,82,0.012072,0.021515
Guerra de Ucrania,topic,15,0.031017,0.782065,0.908666,82,0.015101,0.021152
Elecciones generales 20-D,topic,16,0.059029,0.598345,0.816239,82,0.034424,0.023153
Elecciones generales 26-J,topic,16,0.177852,0.109917,0.611809,82,0.074174,0.020426
Moción de censura,topic,16,0.131534,0.238825,0.615336,82,0.021645,0.023865
Elecciones generales 28-A,topic,16,-0.031321,0.779983,0.908666,82,0.036684,0.023037
Elecciones generales 10-N,topic,16,0.107216,0.337689,0.656069,82,0.046312,0.022543
Investidura de 2020,topic,16,-0.011929,0.91529,0.974464,82,0.033824,0.023046
COVID-19: estado de alarma,topic,16,-0.028789,0.797374,0.915719,82,0.027056,0.02339
Guerra de Ucrania,topic,16,-0.18335,0.099183,0.611809,82,0.007496,0.024982
Elecciones generales 20-D,topic,17,0.225284,0.041855,0.611809,82,0.045733,0.018053
Elecciones generales 26-J,topic,17,-0.188781,0.089404,0.611809,82,0.009331,0.020057
Moción de censura,topic,17,0.089209,0.425442,0.709572,82,0.02189,0.019207
Elecciones generales 28-A,topic,17,-0.194128,0.080536,0.611809,82,0.006691,0.020055
Elecciones generales 10-N,topic,17,0.081486,0.466755,0.740649,82,0.02309,0.019214
Investidura de 2020,topic,17,-0.046386,0.679007,0.877789,82,0.017053,0.019556
COVID-19: estado de alarma,topic,17,-0.021247,0.849726,0.954437,82,0.017648,0.019567
Guerra de Ucrania,topic,17,0.196261,0.077201,0.611809,82,0.034525,0.018209
Elecciones generales 20-D,topic,18,0.011084,0.921271,0.974464,82,0.003066,0.016452
Elecciones generales 26-J,topic,18,-0.18709,0.092364,0.611809,82,0.0,0.016825
Moción de censura,topic,18,-0.12492,0.263472,0.615336,82,0.001852,0.016901
Elecciones generales 28-A,topic,18,-0.166262,0.135472,0.611809,82,0.0,0.01661
Elecciones generales 10-N,topic,18,-0.166262,0.135472,0.611809,82,0.0,0.01661
Investidura de 2020,topic,18,0.074836,0.504004,0.765952,82,0.04085,0.014173
COVID-19: estado de alarma,topic,18,0.213619,0.053978,0.611809,82,0.052421,0.012381
Guerra de Ucrania,topic,18,0.160448,0.149878,0.611809,82,0.014056,0.015937
Elecciones generales 20-D,topic,19,-0.06893,0.538335,0.784796,82,0.009298,0.012981
Elecciones generales 26-J,topic,19,-0.222449,0.044571,0.611809,82,0.0,0.013633
Moción de censura,topic,19,0.126942,0.255761,0.615336,82,0.020384,0.012203
Elecciones generales 28-A,topic,19,-0.197685,0.075036,0.611809,82,0.0,0.013458
Elecciones generales 10-N,topic,19,-0.128755,0.248979,0.615336,82,0.001408,0.013386
Investidura de 2020,topic,19,-0.160397,0.150009,0.611809,82,0.001127,0.01356
COVID-19: estado de alarma,topic,19,-0.1544,0.16605,0.611809,82,0.001814,0.013827
Guerra de Ucrania,topic,19,-0.114033,0.307685,0.646604,82,0.003214,0.013558
Elecciones generales 20-D,topic,2,-0.0012,0.99146,0.994323,82,0.051301,0.067196
Elecciones generales 26-J,topic,2,-0.296082,0.006917,0.611809,82,0.005159,0.070398
Moción de censura,topic,2,0.172766,0.120628,0.611809,82,0.086492,0.064836
Elecciones generales 28-A,topic,2,-0.189658,0.087898,0.611809,82,0.016092,0.069001
Elecciones generales 10-N,topic,2,-0.110434,0.323302,0.646604,82,0.027534,0.068415
Investidura de 2020,topic,2,-0.21828,0.048828,0.611809,82,0.015605,0.06972
COVID-19: estado de alarma,topic,2,-0.185073,0.095995,0.611809,82,0.023894,0.07039
Guerra de Ucrania,topic,2,0.18766,0.091358,0.611809,82,0.204276,0.055537
Elecciones generales 20-D,topic,20,-0.070495,0.529123,0.78291,82,0.007199,0.012039
Elecciones generales 26-J,topic,20,-0.256032,0.020248,0.611809,82,0.001681,0.01246
Moción de censura,topic,20,0.10858,0.331541,0.654758,82,0.014906,0.011558
Elecciones generales 28-A,topic,20,-0.151929,0.173014,0.611809,82,0.004866,0.012159
Elecciones generales 10-N,topic,20,-0.015801,0.887954,0.973195,82,0.009481,0.011922
Investidura de 2020,topic,20,0.001094,0.992216,0.994323,82,0.015043,0.011592
COVID-19: estado de alarma,topic,20,0.079643,0.476924,0.745391,82,0.016718,0.011344
Guerra de Ucrania,topic,20,-0.210123,0.058126,0.611809,82,0.003332,0.012472
Elecciones generales 20-D,topic,21,-0.043418,0.698521,0.886295,82,0.010418,0.021801
Elecciones generales 26-J,topic,21,-0.035829,0.749297,0.899821,82,0.016722,0.021539
Moción de censura,topic,21,0.03791,0.735259,0.898581,82,0.016198,0.021644
Elecciones generales 28-A,topic,21,-0.043418,0.698521,0.886295,82,0.017585,0.021433
Elecciones generales 10-N,topic,21,-0.065128,0.561024,0.797601,82,0.008901,0.021878
Investidura de 2020,topic,21,-0.137887,0.216696,0.611809,82,0.005434,0.022272
COVID-19: estado de alarma,topic,21,-0.004649,0.966937,0.990009,82,0.014684,0.021858
Guerra de Ucrania,topic,21,0.061853,0.580927,0.809886,82,0.097838,0.015199
Elecciones generales 20-D,topic,22,-0.034032,0.761486,0.905344,82,0.005132,0.017454
Elecciones generales 26-J,topic,22,-0.217988,0.049138,0.611809,82,0.0,0.017947
Moción de censura,topic,22,0.025985,0.816748,0.928928,82,0.013103,0.017149
Elecciones generales 28-A,topic,22,0.049739,0.657211,0.864077,82,0.030773,0.016139
Elecciones generales 10-N,topic,22,-0.193721,0.081186,0.611809,82,0.0,0.017717
Investidura de 2020,topic,22,-0.217988,0.049138,0.611809,82,0.0,0.017947
COVID-19: estado de alarma,topic,22,-0.152366,0.171767,0.611809,82,0.009086,0.017578
Guerra de Ucrania,topic,22,-0.056301,0.61539,0.827533,82,0.004072,0.017862
Elecciones generales 20-D,topic,23,-0.181902,0.101928,0.611809,82,0.0,0.012307
Elecciones generales 26-J,topic,23,-0.078263,0.484616,0.754913,82,0.009565,0.011846
Moción de censura,topic,23,0.137188,0.219059,0.611809,82,0.015254,0.011427
Elecciones generales 28-A,topic,23,-0.081588,0.466193,0.740649,82,0.004258,0.012089
Elecciones generales 10-N,topic,23,0.098976,0.376329,0.688027,82,0.023737,0.01109
Investidura de 2020,topic,23,-0.075855,0.498197,0.76197,82,0.009577,0.011845
COVID-19: estado de alarma,topic,23,-0.135073,0.226313,0.615336,82,0.006841,0.012161
Guerra de Ucrania,topic,23,0.021021,0.851309,0.954437,82,0.008461,0.011963
Elecciones generales 20-D,topic,24,-0.093316,0.40436,0.689018,82,0.001016,0.010887
Elecciones generales 26-J,topic,24,-0.191481,0.084835,0.611809,82,0.0,0.011081
Moción de censura,topic,24,0.124863,0.263693,0.615336,82,0.013104,0.010193
Elecciones generales 28-A,topic,24,-0.170164,0.126409,0.611809,82,0.0,0.010939
Elecciones generales 10-N,topic,24,0.021957,0.844769,0.953769,82,0.005482,0.010658
Investidura de 2020,topic,24,-0.102535,0.359323,0.670357,82,0.002817,0.010899
COVID-19: estado de alarma,topic,24,-0.153395,0.168857,0.611809,82,0.002012,0.011189
Guerra de Ucrania,topic,24,-0.031783,0.776822,0.908666,82,0.006915,0.010681
Elecciones generales 20-D,topic,25,0.073265,0.513023,0.771168,82,0.006183,0.009116
Elecciones generales 26-J,topic,25,-0.144637,0.194816,0.611809,82,0.001681,0.009446
Moción de censura,topic,25,-0.087183,0.436075,0.722202,82,0.003173,0.009431
Elecciones generales 28-A,topic,25,-0.205656,0.0638,0.611809,82,0.0,0.009433
Elecciones generales 10-N,topic,25,-0.077121,0.491033,0.760088,82,0.001685,0.009347
Investidura de 2020,topic,25,-0.177035,0.111585,0.611809,82,0.000563,0.009519
COVID-19: estado de alarma,topic,25,-0.098097,0.380604,0.688027,82,0.002565,0.009571
Guerra de Ucrania,topic,25,0.08612,0.441713,0.724426,82,0.017185,0.008324
Elecciones generales 20-D,topic,26,0.027198,0.808349,0.924816,82,0.009163,0.016528
Elecciones generales 26-J,topic,26,-0.195876,0.077794,0.611809,82,0.0,0.017219
Moción de censura,topic,26,-0.035996,0.748164,0.899821,82,0.007309,0.016868
Elecciones generales 28-A,topic,26,0.089755,0.422606,0.707341,82,0.033814,0.015264
Elecciones generales 10-N,topic,26,-0.17407,0.117808,0.611809,82,0.0,0.016998
Investidura de 2020,topic,26,-0.195876,0.077794,0.611809,82,0.0,0.017219
COVID-19: estado de alarma,topic,26,-0.234833,0.033699,0.611809,82,0.0,0.017678
Guerra de Ucrania,topic,26,-0.076492,0.494584,0.76088,82,0.002373,0.017258
Elecciones generales 20-D,topic,27,-0.063125,0.573155,0.80668,82,0.003099,0.012366
Elecciones generales 26-J,topic,27,0.063003,0.573898,0.80668,82,0.040855,0.010034
Moción de censura,topic,27,0.113512,0.309916,0.646604,82,0.007026,0.012299
Elecciones generales 28-A,topic,27,-0.098805,0.377158,0.688027,82,0.000608,0.012493
Elecciones generales 10-N,topic,27,-0.170164,0.126409,0.611809,82,0.0,0.012525
Investidura de 2020,topic,27,-0.191481,0.084835,0.611809,82,0.0,0.012687
COVID-19: estado de alarma,topic,27,-0.229564,0.038017,0.611809,82,0.0,0.013025
Guerra de Ucrania,topic,27,-0.129403,0.246583,0.615336,82,0.001704,0.01272
Elecciones generales 20-D,topic,28,0.039754,0.722886,0.897859,82,0.018648,0.012052
Elecciones generales 26-J,topic,28,0.173515,0.119002,0.611809,82,0.028678,0.011315
Moción de censura,topic,28,0.123563,0.268738,0.615336,82,0.013756,0.012265
Elecciones generales 28-A,topic,28,-0.021684,0.846672,0.953769,82,0.016678,0.012153
Elecciones generales 10-N,topic,28,-0.003614,0.974293,0.993232,82,0.007797,0.012609
Investidura de 2020,topic,28,-0.140981,0.20646,0.611809,82,0.004669,0.012874
COVID-19: estado de alarma,topic,28,-0.091011,0.416116,0.701453,82,0.006183,0.012952
Guerra de Ucrania,topic,28,-0.18634,0.0937,0.611809,82,0.003864,0.013046
Elecciones generales 20-D,topic,29,0.059837,0.593339,0.812544,82,0.022025,0.007552
Elecciones generales 26-J,topic,29,0.019588,0.861341,0.961053,82,0.017676,0.007647
Moción de censura,topic,29,0.132737,0.234519,0.615336,82,0.009773,0.008139
Elecciones generales 28-A,topic,29,-0.17407,0.117808,0.611809,82,0.0,0.008682
Elecciones generales 10-N,topic,29,-0.031278,0.780278,0.908666,82,0.008451,0.008248
Investidura de 2020,topic,29,-0.067332,0.547811,0.788246,82,0.006761,0.008356
COVID-19: estado de alarma,topic,29,-0.071289,0.524485,0.780937,82,0.005105,0.008553
Guerra de Ucrania,topic,29,0.037121,0.740568,0.898581,82,0.005904,0.008444
Elecciones generales 20-D,topic,3,-0.070494,0.529128,0.78291,82,0.027523,0.040182
Elecciones generales 26-J,topic,3,-0.165216,0.137985,0.611809,82,0.022609,0.040665
Moción de censura,topic,3,0.193029,0.082299,0.611809,82,0.063956,0.037639
Elecciones generales 28-A,topic,3,-0.05834,0.602627,0.819711,82,0.040893,0.039496
Elecciones generales 10-N,topic,3,-0.097234,0.384829,0.688027,82,0.024662,0.040328
Investidura de 2020,topic,3,-0.227582,0.039757,0.611809,82,0.004709,0.041828
COVID-19: estado de alarma,topic,3,-0.16678,0.134241,0.611809,82,0.014634,0.041891
Guerra de Ucrania,topic,3,-0.036193,0.746835,0.899821,82,0.041278,0.039429
Elecciones generales 20-D,topic,30,-0.062348,0.577895,0.809396,82,0.002066,0.008626
Elecciones generales 26-J,topic,30,-0.18709,0.092364,0.611809,82,0.0,0.008845
Moción de censura,topic,30,0.097415,0.383939,0.688027,82,0.015076,0.007771
Elecciones generales 28-A,topic,30,-0.087288,0.435521,0.722202,82,0.000608,0.008701
Elecciones generales 10-N,topic,30,-0.054035,0.629699,0.840262,82,0.002817,0.008587
Investidura de 2020,topic,30,-0.086061,0.442023,0.724426,82,0.002254,0.008699
COVID-19: estado de alarma,topic,30,-0.038451,0.731618,0.898581,82,0.005478,0.00857
Guerra de Ucrania,topic,30,0.139819,0.210263,0.611809,82,0.008578,0.008284
Elecciones generales 20-D,topic,31,-0.154562,0.165601,0.611809,82,0.0,0.008084
Elecciones generales 26-J,topic,31,-0.173924,0.118121,0.611809,82,0.0,0.008189
Moción de censura,topic,31,0.007103,0.949503,0.976395,82,0.009177,0.007572
Elecciones generales 28-A,topic,31,-0.068694,0.539726,0.784796,82,0.000608,0.008053
Elecciones generales 10-N,topic,31,-0.065832,0.556787,0.793969,82,0.000704,0.008048
Investidura de 2020,topic,31,-0.094048,0.400667,0.689018,82,0.000563,0.008153
COVID-19: estado de alarma,topic,31,-0.067299,0.548012,0.788246,82,0.000955,0.008318
Guerra de Ucrania,topic,31,0.061557,0.582741,0.809886,82,0.006048,0.007819
Elecciones generales 20-D,topic,32,-0.150657,0.176684,0.611809,82,0.0,0.008976
Elecciones generales 26-J,topic,32,-0.169529,0.127851,0.611809,82,0.0,0.009093
Moción de censura,topic,32,0.232462,0.035589,0.611809,82,0.018993,0.007713
Elecciones generales 28-A,topic,32,0.101403,0.364677,0.677667,82,0.011087,0.008408
Elecciones generales 10-N,topic,32,-0.150657,0.176684,0.611809,82,0.0,0.008976
Investidura de 2020,topic,32,-0.169529,0.127851,0.611809,82,0.0,0.009093
COVID-19: estado de alarma,topic,32,-0.203247,0.067043,0.611809,82,0.0,0.009335
Guerra de Ucrania,topic,32,0.080283,0.473379,0.744783,82,0.006451,0.008703
Elecciones generales 20-D,topic,33,0.111974,0.316558,0.646604,82,0.017377,0.010468
Elecciones generales 26-J,topic,33,-0.182702,0.100404,0.611809,82,0.0,0.011507
Moción de censura,topic,33,0.141248,0.205593,0.611809,82,0.007515,0.011065
Elecciones generales 28-A,topic,33,-0.011197,0.920469,0.974464,82,0.022727,0.010193
Elecciones generales 10-N,topic,33,-0.039191,0.726657,0.897859,82,0.00493,0.011106
Investidura de 2020,topic,33,-0.071821,0.521387,0.778781,82,0.003944,0.01125
COVID-19: estado de alarma,topic,33,-0.124086,0.266699,0.615336,82,0.002817,0.01155
Guerra de Ucrania,topic,33,0.060204,0.591068,0.812544,82,0.008504,0.010987
Elecciones generales 20-D,topic,34,0.019015,0.865355,0.961053,82,0.003049,0.006391
Elecciones generales 26-J,topic,34,-0.124493,0.265123,0.615336,82,0.0,0.006633
Moción de censura,topic,34,0.102952,0.357361,0.669343,82,0.011048,0.005848
Elecciones generales 28-A,topic,34,-0.110634,0.322423,0.646604,82,0.0,0.006548
Elecciones generales 10-N,topic,34,0.214352,0.053139,0.611809,82,0.030751,0.004971
Investidura de 2020,topic,34,0.13383,0.230654,0.615336,82,0.012022,0.005852
COVID-19: estado de alarma,topic,34,0.071961,0.520571,0.778781,82,0.008587,0.006008
Guerra de Ucrania,topic,34,-0.137269,0.218782,0.611809,82,0.0,0.00672
Elecciones generales 20-D,topic,35,-0.142822,0.200536,0.611809,82,0.0,0.007517
Elecciones generales 26-J,topic,35,-0.160713,0.149197,0.611809,82,0.0,0.007615
Moción de censura,topic,35,0.054147,0.628992,0.840262,82,0.010999,0.006846
Elecciones generales 28-A,topic,35,-0.034218,0.760223,0.905344,82,0.004258,0.007299
Elecciones generales 10-N,topic,35,0.148773,0.18222,0.611809,82,0.019939,0.006494
Investidura de 2020,topic,35,-0.030803,0.783532,0.908666,82,0.007324,0.007139
COVID-19: estado de alarma,topic,35,-0.081429,0.467066,0.740649,82,0.005231,0.007329
Guerra de Ucrania,topic,35,0.039379,0.725395,0.897859,82,0.015988,0.006452
Elecciones generales 20-D,topic,36,0.129834,0.245003,0.615336,82,0.229065,0.04409
Elecciones generales 26-J,topic,36,0.112801,0.312974,0.646604,82,0.218261,0.042389
Moción de censura,topic,36,0.049951,0.655843,0.864077,82,0.016422,0.05601
Elecciones generales 28-A,topic,36,0.138892,0.213333,0.611809,82,0.256691,0.042673
Elecciones generales 10-N,topic,36,0.015097,0.892914,0.973195,82,0.25,0.043016
Investidura de 2020,topic,36,-0.017668,0.874816,0.96832,82,0.2,0.043575
COVID-19: estado de alarma,topic,36,-0.068665,0.539896,0.784796,82,0.142857,0.044737
Guerra de Ucrania,topic,36,-0.172331,0.121581,0.611809,82,0.0,0.057306
Elecciones generales 20-D,topic,37,-0.177982,0.109653,0.611809,82,0.0,0.006789
Elecciones generales 26-J,topic,37,-0.200278,0.071219,0.611809,82,0.0,0.006877
Moción de censura,topic,37,-0.095917,0.391329,0.689018,82,0.00646,0.006458
Elecciones generales 28-A,topic,37,-0.177982,0.109653,0.611809,82,0.0,0.006789
Elecciones generales 10-N,topic,37,0.172589,0.121016,0.611809,82,0.013609,0.006091
Investidura de 2020,topic,37,0.013352,0.905231,0.974464,82,0.008534,0.006323
COVID-19: estado de alarma,topic,37,0.048854,0.662939,0.864385,82,0.009964,0.006131
Guerra de Ucrania,topic,37,0.153913,0.167405,0.611809,82,0.015829,0.005718
Elecciones generales 20-D,topic,38,-0.114782,0.304497,0.644495,82,0.0,0.00595
Elecciones generales 26-J,topic,38,-0.129161,0.247477,0.615336,82,0.0,0.006028
Moción de censura,topic,38,0.06702,0.549677,0.788246,82,0.002124,0.005939
Elecciones generales 28-A,topic,38,-0.114782,0.304497,0.644495,82,0.0,0.00595
Elecciones generales 10-N,topic,38,-0.114782,0.304497,0.644495,82,0.0,0.00595
Investidura de 2020,topic,38,-0.129161,0.247477,0.615336,82,0.0,0.006028
COVID-19: estado de alarma,topic,38,-0.15485,0.164805,0.611809,82,0.0,0.006188
Guerra de Ucrania,topic,38,0.097737,0.382363,0.688027,82,0.010665,0.005265
Elecciones generales 20-D,topic,39,0.096617,0.387865,0.688242,82,0.005115,0.009394
Elecciones generales 26-J,topic,39,-0.156285,0.160876,0.611809,82,0.0,0.009782
Moción de censura,topic,39,0.327167,0.002698,0.611809,82,0.066079,0.004694
Elecciones generales 28-A,topic,39,-0.138887,0.213349,0.611809,82,0.0,0.009656
Elecciones generales 10-N,topic,39,-0.009058,0.935629,0.974464,82,0.003922,0.009455
Investidura de 2020,topic,39,-0.061155,0.585208,0.809886,82,0.001509,0.009684
COVID-19: estado de alarma,topic,39,-0.105904,0.343666,0.656069,82,0.001078,0.009942
Guerra de Ucrania,topic,39,-0.094903,0.396376,0.689018,82,0.000475,0.009873
Elecciones generales 20-D,topic,4,-0.181902,0.101928,0.611809,82,0.0,0.041168
Elecciones generales 26-J,topic,4,-0.204689,0.065087,0.611809,82,0.0,0.041703
Moción de censura,topic,4,-0.144932,0.193897,0.611809,82,0.002415,0.042061
Elecciones generales 28-A,topic,4,-0.181902,0.101928,0.611809,82,0.0,0.041168
Elecciones generales 10-N,topic,4,-0.094963,0.396077,0.689018,82,0.001961,0.041068
Investidura de 2020,topic,4,0.069835,0.532998,0.784796,82,0.23273,0.026591
COVID-19: estado de alarma,topic,4,0.212404,0.055391,0.611809,82,0.243173,0.020119
Guerra de Ucrania,topic,4,0.123911,0.267379,0.615336,82,0.03011,0.039875
Elecciones generales 20-D,topic,40,-0.011197,0.920469,0.974464,82,0.01626,0.005409
Elecciones generales 26-J,topic,40,-0.182702,0.100404,0.611809,82,0.0,0.006324
Moción de censura,topic,40,0.081044,0.469183,0.740649,82,0.005494,0.005973
Elecciones generales 28-A,topic,40,-0.053188,0.635088,0.843604,82,0.003041,0.006087
Elecciones generales 10-N,topic,40,0.092379,0.409117,0.694615,82,0.009832,0.005739
Investidura de 2020,topic,40,-0.066781,0.551104,0.788246,82,0.003944,0.006068
COVID-19: estado de alarma,topic,40,-0.031291,0.780189,0.908666,82,0.005027,0.006023
Guerra de Ucrania,topic,40,-0.074097,0.508234,0.766841,82,0.000669,0.006354
Elecciones generales 20-D,topic,41,0.139847,0.210173,0.611809,82,0.015378,0.005192
Elecciones generales 26-J,topic,41,-0.160713,0.149197,0.611809,82,0.0,0.006058
Moción de censura,topic,41,0.039379,0.725395,0.897859,82,0.007491,0.005547
Elecciones generales 28-A,topic,41,-0.142822,0.200536,0.611809,82,0.0,0.00598
Elecciones generales 10-N,topic,41,0.056534,0.613925,0.827533,82,0.003797,0.005786
Investidura de 2020,topic,41,-0.062946,0.574247,0.80668,82,0.002254,0.005912
COVID-19: estado de alarma,topic,41,-0.108954,0.329867,0.654189,82,0.00161,0.006069
Guerra de Ucrania,topic,41,0.009845,0.93005,0.974464,82,0.004343,0.005795
Elecciones generales 20-D,topic,42,0.145952,0.190744,0.611809,82,0.011417,0.006174
Elecciones generales 26-J,topic,42,0.14809,0.184257,0.611809,82,0.022949,0.005357
Moción de censura,topic,42,-0.01637,0.883946,0.973195,82,0.00451,0.006581
Elecciones generales 28-A,topic,42,-0.1509,0.175979,0.611809,82,0.001825,0.006666
Elecciones generales 10-N,topic,42,-0.03958,0.724051,0.897859,82,0.004073,0.00655
Investidura de 2020,topic,42,-0.17704,0.111575,0.611809,82,0.00169,0.006737
COVID-19: estado de alarma,topic,42,-0.149701,0.179476,0.611809,82,0.002589,0.006788
Guerra de Ucrania,topic,42,-0.300795,0.006035,0.611809,82,0.0,0.006937
Elecciones generales 20-D,topic,43,0.086467,0.439865,0.724426,82,0.010316,0.006679
Elecciones generales 26-J,topic,43,0.069069,0.537513,0.784796,82,0.00936,0.006694
Moción de censura,topic,43,-0.082604,0.460642,0.740649,82,0.006609,0.006876
Elecciones generales 28-A,topic,43,0.014614,0.896319,0.973195,82,0.008046,0.006796
Elecciones generales 10-N,topic,43,0.060892,0.586825,0.809886,82,0.007093,0.006845
Investidura de 2020,topic,43,0.014252,0.898873,0.973195,82,0.00637,0.006888
COVID-19: estado de alarma,topic,43,-0.01596,0.88683,0.973195,82,0.005655,0.006969
Guerra de Ucrania,topic,43,-0.082604,0.460642,0.740649,82,0.004303,0.007058
Elecciones generales 20-D,topic,44,-0.138887,0.213349,0.611809,82,0.0,0.004966
Elecciones generales 26-J,topic,44,-0.156285,0.160876,0.611809,82,0.0,0.005031
Moción de censura,topic,44,0.119878,0.283383,0.623162,82,0.009797,0.004324
Elecciones generales 28-A,topic,44,-0.138887,0.213349,0.611809,82,0.0,0.004966
Elecciones generales 10-N,topic,44,0.0,1.0,1.0,82,0.006944,0.00461
Investidura de 2020,topic,44,-0.031257,0.780423,0.908666,82,0.005556,0.00467
COVID-19: estado de alarma,topic,44,0.010474,0.925591,0.974464,82,0.004521,0.004743
Guerra de Ucrania,topic,44,0.082416,0.461666,0.740649,82,0.001235,0.004999
Elecciones generales 20-D,topic,45,-0.130964,0.240883,0.615336,82,0.0,0.005542
Elecciones generales 26-J,topic,45,-0.14737,0.186424,0.611809,82,0.0,0.005614
Moción de censura,topic,45,0.373995,0.000538,0.253847,82,0.016086,0.004418
Elecciones generales 28-A,topic,45,-0.130964,0.240883,0.615336,82,0.0,0.005542
Elecciones generales 10-N,topic,45,-0.130964,0.240883,0.615336,82,0.0,0.005542
Investidura de 2020,topic,45,-0.14737,0.186424,0.611809,82,0.0,0.005614
COVID-19: estado de alarma,topic,45,-0.17668,0.112317,0.611809,82,0.0,0.005764
Guerra de Ucrania,topic,45,-0.079957,0.475181,0.745134,82,0.000475,0.005651
Elecciones generales 20-D,topic,46,0.143113,0.199611,0.611809,82,0.017411,0.003718
Elecciones generales 26-J,topic,46,-0.173924,0.118121,0.611809,82,0.0,0.00467
Moción de censura,topic,46,-0.011838,0.915936,0.974464,82,0.002495,0.004535
Elecciones generales 28-A,topic,46,-0.154562,0.165601,0.611809,82,0.0,0.00461
Elecciones generales 10-N,topic,46,-0.057245,0.609464,0.824261,82,0.00098,0.00456
Investidura de 2020,topic,46,-0.173924,0.118121,0.611809,82,0.0,0.00467
COVID-19: estado de alarma,topic,46,-0.135701,0.224142,0.615336,82,0.000553,0.004743
Guerra de Ucrania,topic,46,0.14679,0.188183,0.611809,82,0.004618,0.004367
Elecciones generales 20-D,topic,47,-0.122943,0.271165,0.615336,82,0.0,0.004193
Elecciones generales 26-J,topic,47,-0.138344,0.215162,0.611809,82,0.0,0.004247
Moción de censura,topic,47,-0.048171,0.66737,0.867764,82,0.002584,0.004099
Elecciones generales 28-A,topic,47,-0.122943,0.271165,0.615336,82,0.0,0.004193
Elecciones generales 10-N,topic,47,-0.122943,0.271165,0.615336,82,0.0,0.004193
Investidura de 2020,topic,47,-0.138344,0.215162,0.611809,82,0.0,0.004247
COVID-19: estado de alarma,topic,47,-0.165859,0.136436,0.611809,82,0.0,0.00436
Guerra de Ucrania,topic,47,-0.037466,0.738242,0.898581,82,0.003281,0.004044
Elecciones generales 20-D,topic,48,-0.126968,0.255663,0.615336,82,0.0,0.004681
Elecciones generales 26-J,topic,48,-0.142873,0.200372,0.611809,82,0.0,0.004742
Moción de censura,topic,48,-0.040697,0.716591,0.897859,82,0.002415,0.004614
Elecciones generales 28-A,topic,48,-0.126968,0.255663,0.615336,82,0.0,0.004681
Elecciones generales 10-N,topic,48,0.139665,0.210772,0.611809,82,0.01443,0.003941
Investidura de 2020,topic,48,-0.044291,0.692764,0.886138,82,0.000563,0.004705
COVID-19: estado de alarma,topic,48,0.012235,0.913127,0.974464,82,0.001412,0.004737
Guerra de Ucrania,topic,48,-0.157536,0.157511,0.611809,82,0.0,0.004804
Elecciones generales 20-D,topic,49,-0.110634,0.322423,0.646604,82,0.0,0.006967
Elecciones generales 26-J,topic,49,-0.124493,0.265123,0.615336,82,0.0,0.007057
Moción de censura,topic,49,-0.137269,0.218782,0.611809,82,0.0,0.00715
Elecciones generales 28-A,topic,49,-0.110634,0.322423,0.646604,82,0.0,0.006967
Elecciones generales 10-N,topic,49,-0.110634,0.322423,0.646604,82,0.0,0.006967
Investidura de 2020,topic,49,-0.124493,0.265123,0.615336,82,0.0,0.007057
COVID-19: estado de alarma,topic,49,-0.049307,0.660006,0.864385,82,0.001658,0.007091
Guerra de Ucrania,topic,49,0.094373,0.399036,0.689018,82,0.007106,0.006589
Elecciones generales 20-D,topic,5,-0.009637,0.93152,0.974464,82,0.038954,0.034928
Elecciones generales 26-J,topic,5,-0.032534,0.771693,0.908666,82,0.06364,0.033273
Moción de censura,topic,5,-0.035873,0.749,0.899821,82,0.026177,0.035831
Elecciones generales 28-A,topic,5,-0.077099,0.491158,0.760088,82,0.021843,0.035806
Elecciones generales 10-N,topic,5,-0.151788,0.173418,0.611809,82,0.011516,0.036335
Investidura de 2020,topic,5,-0.100855,0.367289,0.679845,82,0.030578,0.03542
COVID-19: estado de alarma,topic,5,-0.093797,0.401933,0.689018,82,0.027453,0.035841
Guerra de Ucrania,topic,5,-0.103633,0.354174,0.666016,82,0.02169,0.036185
Elecciones generales 20-D,topic,50,-0.037193,0.740083,0.898581,82,0.001033,0.004331
Elecciones generales 26-J,topic,50,-0.160713,0.149197,0.611809,82,0.0,0.004441
Moción de censura,topic,50,-0.177207,0.111233,0.611809,82,0.0,0.0045
Elecciones generales 28-A,topic,50,-0.007439,0.947118,0.976395,82,0.003788,0.00419
Elecciones generales 10-N,topic,50,-0.142822,0.200536,0.611809,82,0.0,0.004384
Investidura de 2020,topic,50,-0.068303,0.542041,0.784796,82,0.000755,0.004392
COVID-19: estado de alarma,topic,50,-0.002294,0.983683,0.993818,82,0.00496,0.004097
Guerra de Ucrania,topic,50,0.280578,0.010672,0.611809,82,0.01603,0.003234
Elecciones generales 20-D,topic,51,-0.106429,0.341266,0.656069,82,0.0,0.006654
Elecciones generales 26-J,topic,51,-0.119761,0.283855,0.623162,82,0.0,0.006741
Moción de censura,topic,51,-0.002934,0.979126,0.993818,82,0.007752,0.006217
Elecciones generales 28-A,topic,51,-0.106429,0.341266,0.656069,82,0.0,0.006654
Elecciones generales 10-N,topic,51,-0.106429,0.341266,0.656069,82,0.0,0.006654
Investidura de 2020,topic,51,-0.119761,0.283855,0.623162,82,0.0,0.006741
COVID-19: estado de alarma,topic,51,-0.14358,0.198131,0.611809,82,0.0,0.00692
Guerra de Ucrania,topic,51,0.211284,0.056721,0.611809,82,0.004925,0.00644
Elecciones generales 20-D,topic,52,-0.110634,0.322423,0.646604,82,0.0,0.00429
Elecciones generales 26-J,topic,52,-0.124493,0.265123,0.615336,82,0.0,0.004346
Moción de censura,topic,52,-0.137269,0.218782,0.611809,82,0.0,0.004403
Elecciones generales 28-A,topic,52,-0.110634,0.322423,0.646604,82,0.0,0.00429
Elecciones generales 10-N,topic,52,-0.110634,0.322423,0.646604,82,0.0,0.00429
Investidura de 2020,topic,52,-0.124493,0.265123,0.615336,82,0.0,0.004346
COVID-19: estado de alarma,topic,52,0.031983,0.775458,0.908666,82,0.001057,0.004363
Guerra de Ucrania,topic,52,-0.00429,0.96949,0.990474,82,0.007123,0.003841
Elecciones generales 20-D,topic,53,-0.015096,0.892918,0.973195,82,0.003099,0.008482
Elecciones generales 26-J,topic,53,0.053001,0.636277,0.843604,82,0.004259,0.008477
Moción de censura,topic,53,-0.172325,0.121594,0.611809,82,0.0,0.008868
Elecciones generales 28-A,topic,53,-0.039251,0.726257,0.897859,82,0.000608,0.00861
Elecciones generales 10-N,topic,53,-0.138887,0.213349,0.611809,82,0.0,0.008641
Investidura de 2020,topic,53,-0.156285,0.160876,0.611809,82,0.0,0.008753
COVID-19: estado de alarma,topic,53,-0.117542,0.292938,0.631356,82,0.000276,0.008961
Guerra de Ucrania,topic,53,-0.172325,0.121594,0.611809,82,0.0,0.008868
Elecciones generales 20-D,topic,54,-0.142822,0.200536,0.611809,82,0.0,0.006488
Elecciones generales 26-J,topic,54,-0.038839,0.729017,0.898422,82,0.005405,0.006221
Moción de censura,topic,54,-0.089834,0.422195,0.707341,82,0.000741,0.0066
Elecciones generales 28-A,topic,54,-0.01339,0.904965,0.974464,82,0.003041,0.006332
Elecciones generales 10-N,topic,54,0.09819,0.380149,0.688027,82,0.005054,0.006229
Investidura de 2020,topic,54,-0.057589,0.607314,0.823713,82,0.00169,0.006462
COVID-19: estado de alarma,topic,54,-0.009175,0.934797,0.974464,82,0.002865,0.00648
Guerra de Ucrania,topic,54,-0.027073,0.809214,0.924816,82,0.000761,0.006598
Elecciones generales 20-D,topic,55,-0.093375,0.404063,0.689018,82,0.0,0.005965
Elecciones generales 26-J,topic,55,-0.105072,0.347494,0.656069,82,0.0,0.006042
Moción de censura,topic,55,0.115855,0.299969,0.643569,82,0.000889,0.006051
Elecciones generales 28-A,topic,55,-0.093375,0.404063,0.689018,82,0.0,0.005965
Elecciones generales 10-N,topic,55,-0.093375,0.404063,0.689018,82,0.0,0.005965
Investidura de 2020,topic,55,-0.105072,0.347494,0.656069,82,0.0,0.006042
COVID-19: estado de alarma,topic,55,-0.125969,0.259453,0.615336,82,0.0,0.006203
Guerra de Ucrania,topic,55,0.014482,0.897253,0.973195,82,0.003359,0.005856
Elecciones generales 20-D,topic,56,0.03762,0.737209,0.898581,82,0.001016,0.003557
Elecciones generales 26-J,topic,56,-0.110065,0.324933,0.647123,82,0.0,0.003656
Moción de censura,topic,56,-0.12136,0.277428,0.623162,82,0.0,0.003704
Elecciones generales 28-A,topic,56,-0.097812,0.381996,0.688027,82,0.0,0.003609
Elecciones generales 10-N,topic,56,0.063954,0.568121,0.805265,82,0.003521,0.003429
Investidura de 2020,topic,56,0.035559,0.751122,0.899821,82,0.002817,0.003473
COVID-19: estado de alarma,topic,56,-0.00725,0.948455,0.976395,82,0.002012,0.003566
Guerra de Ucrania,topic,56,0.143143,0.199515,0.611809,82,0.015786,0.002458
Elecciones generales 20-D,topic,57,0.024833,0.824736,0.933514,82,0.001016,0.002981
Elecciones generales 26-J,topic,57,-0.119761,0.283855,0.623162,82,0.0,0.003073
Moción de censura,topic,57,-0.029345,0.793548,0.913548,82,0.00037,0.003084
Elecciones generales 28-A,topic,57,-0.106429,0.341266,0.656069,82,0.0,0.003033
Elecciones generales 10-N,topic,57,-0.106429,0.341266,0.656069,82,0.0,0.003033
Investidura de 2020,topic,57,-0.119761,0.283855,0.623162,82,0.0,0.003073
COVID-19: estado de alarma,topic,57,-0.14358,0.198131,0.611809,82,0.0,0.003155
Guerra de Ucrania,topic,57,-0.008803,0.937433,0.974464,82,0.00095,0.003038
Elecciones generales 20-D,topic,6,0.029782,0.79054,0.913548,82,0.038072,0.021971
Elecciones generales 26-J,topic,6,-0.13517,0.225975,0.615336,82,0.013043,0.023388
Moción de censura,topic,6,-0.025662,0.818989,0.929237,82,0.024282,0.022636
Elecciones generales 28-A,topic,6,-0.167526,0.132484,0.611809,82,0.00365,0.023737
Elecciones generales 10-N,topic,6,-0.084383,0.451005,0.73405,82,0.009403,0.023442
Investidura de 2020,topic,6,-0.213368,0.054268,0.611809,82,0.002817,0.024052
COVID-19: estado de alarma,topic,6,-0.274554,0.012553,0.611809,82,0.002012,0.024693
Guerra de Ucrania,topic,6,0.012318,0.912543,0.974464,82,0.01829,0.023109
Elecciones generales 20-D,topic,7,-0.026691,0.811861,0.925601,82,0.017547,0.022895
Elecciones generales 26-J,topic,7,-0.081911,0.464424,0.740649,82,0.015042,0.023127
Moción de censura,topic,7,-0.118416,0.289337,0.628659,82,0.013158,0.023382
Elecciones generales 28-A,topic,7,-0.131026,0.240657,0.615336,82,0.009401,0.023313
Elecciones generales 10-N,topic,7,-0.118894,0.287381,0.627981,82,0.010968,0.023232
Investidura de 2020,topic,7,-0.169283,0.128414,0.611809,82,0.008774,0.023534
COVID-19: estado de alarma,topic,7,-0.180505,0.10463,0.611809,82,0.010136,0.023801
Guerra de Ucrania,topic,7,-0.010035,0.9287,0.974464,82,0.022823,0.022619
Elecciones generales 20-D,topic,8,-0.053957,0.630197,0.840262,82,0.012296,0.024096
Elecciones generales 26-J,topic,8,-0.173317,0.119431,0.611809,82,0.007826,0.02454
Moción de censura,topic,8,0.074048,0.508519,0.766841,82,0.019815,0.023813
Elecciones generales 28-A,topic,8,-0.255069,0.02074,0.611809,82,0.0,0.024727
Elecciones generales 10-N,topic,8,-0.126308,0.258163,0.615336,82,0.009859,0.024221
Investidura de 2020,topic,8,-0.130263,0.243431,0.615336,82,0.008642,0.024487
COVID-19: estado de alarma,topic,8,-0.118168,0.290355,0.628659,82,0.010716,0.024716
Guerra de Ucrania,topic,8,-0.14911,0.181221,0.611809,82,0.005923,0.02491
Elecciones generales 20-D,topic,9,-0.068344,0.541798,0.784796,82,0.018578,0.023537
Elecciones generales 26-J,topic,9,-0.198856,0.073292,0.611809,82,0.006957,0.024356
Moción de censura,topic,9,0.213006,0.054688,0.611809,82,0.048359,0.021317
Elecciones generales 28-A,topic,9,-0.201371,0.069657,0.611809,82,0.002433,0.024365
Elecciones generales 10-N,topic,9,-0.002441,0.982636,0.993818,82,0.025573,0.023179
Investidura de 2020,topic,9,-0.170291,0.126122,0.611809,82,0.011831,0.02404
COVID-19: estado de alarma,topic,9,-0.096906,0.386443,0.688242,82,0.015986,0.023978
Guerra de Ucrania,topic,9,-0.091865,0.411737,0.696559,82,0.014217,0.024012
